{"cameraMode":{"drawMode":0,"name":"Shaded","section":"Shading Mode"},"sceneLighting":true,"audioPlay":false,"sceneViewState":{"m_AlwaysRefresh":false,"showFog":true,"showSkybox":true,"showFlares":true,"showImageEffects":true,"showParticleSystems":true,"showVisualEffectGraphs":true,"m_FxEnabled":true},"in2DMode":false,"pivot":{"x":-0.44655489921569826,"y":-0.4189589023590088,"z":-1.6287431716918946},"rotation":{"x":0.0008323709480464459,"y":0.984839916229248,"z":-0.17342710494995118,"w":0.004728003405034542},"size":4.587401866912842,"orthographic":false}