{"cameraMode":{"drawMode":0,"name":"Shaded","section":"Shading Mode"},"sceneLighting":false,"audioPlay":false,"sceneViewState":{"m_AlwaysRefresh":false,"showFog":true,"showSkybox":false,"showFlares":true,"showImageEffects":true,"showParticleSystems":true,"showVisualEffectGraphs":true,"m_FxEnabled":true},"in2DMode":false,"pivot":{"x":2.680000066757202,"y":4.610000133514404,"z":2.7699999809265138},"rotation":{"x":-0.0022679208777844908,"y":0.9945344924926758,"z":0.022072969004511834,"w":0.10209814459085465},"size":0.8660253882408142,"orthographic":false}